id,name,source_connection_name,target_connection_name,source_table,target_table,sql_text
1,JOB_DM_BAN_GIAO_TRICH_XUATS,QLPN_OLD,QLPN,MA_BAN_GIAO_TX,DM_BAN_GIAO_TRICH_XUATS,"INSERT INTO QLPN.DM_BAN_GIAO_TRICH_XUATS (BGTX_MA, BGTX_TEN, BGTX_TRANG_THAI, CREATION_TIME, IS_DELETED) SELECT MA, ND, 1 AS BGT_TRANG_THAI, SYSDATE AS CREATION_TIME, 0 AS IS_DELETED FROM QLPN_OLD.MA_BAN_GIAO_TX;"
2,JOB_DM_CAN_CU_KEMS,QLPN_OLD,QLPN,MA_CAN_CU_KEM,DM_CAN_CU_KEMS,"INSERT INTO QLPN.DM_CAN_CU_KEMS (CCK_MA, CCK_TEN, CCK_TRANG_THAI, CREATION_TIME, IS_DELETED) SELECT MA, ND, 1 AS CCK_TRANG_THAI, SYSDATE AS CREATION_TIME, 0 AS IS_DELETED FROM QLPN_OLD.MA_CAN_CU_KEM;"
3,JOB_DM_CAP_TOA_XUS,QLPN_OLD,QLPN,MA_CAP_TOA_XU,DM_CAP_TOA_XUS,"INSERT INTO QLPN.DM_CAP_TOA_XUS (CTX_MA, CTX_TEN, CTX_TRANG_THAI, CREATION_TIME, IS_DELETED) SELECT MA, ND, 1 AS CTX_TRANG_THAI, SYSDATE AS CREATION_TIME, 0 AS IS_DELETED FROM QLPN_OLD.MA_CAP_TOA_XU;"
4,JOB_DM_CHUC_SACS,QLPN_OLD,QLPN,MA_CHUC_SAC,DM_CHUC_SACS,"INSERT INTO QLPN.DM_CHUC_SACS (CS_MA, CS_TEN, CS_TRANG_THAI, CREATION_TIME, IS_DELETED) SELECT MA, ND, 1 AS CS_TRANG_THAI, SYSDATE AS CREATION_TIME, 0 AS IS_DELETED FROM QLPN_OLD.MA_CHUC_SAC;"
5,JOB_DM_CHUONG_TOI_DANHS,QLPN_OLD,QLPN,MA_CHUONG_TOI_DANH,DM_CHUONG_TOI_DANHS,"INSERT INTO QLPN.DM_CHUONG_TOI_DANHS (CTD_MA, CTD_TEN, CTD_TRANG_THAI, CREATION_TIME, IS_DELETED) SELECT MA, ND, 1 AS CTD_TRANG_THAI, SYSDATE AS CREATION_TIME, 0 AS IS_DELETED FROM QLPN_OLD.MA_CHUONG_TOI_DANH;"
6,JOB_DM_CP_TINH_TRANG_GIAM_GIUS,QLPN_OLD,QLPN,MA_CP_TINH_TRANG_GIAM_GIU,DM_CP_TINH_TRANG_GIAM_GIUS,"INSERT INTO QLPN.DM_CP_TINH_TRANG_GIAM_GIUS (CP_TTGG_MA, CP_TTGG_TEN, CP_TTGG_TRANG_THAI, CREATION_TIME, IS_DELETED) SELECT MA, ND, 1 AS CTTGG_TRANG_THAI, SYSDATE AS CREATION_TIME, 0 AS IS_DELETED FROM QLPN_OLD.MA_CP_TINH_TRANG_GIAM_GIU;"
7,JOB_DM_CO_QUANS,QLPN_OLD,QLPN,MA_CQ,DM_CO_QUANS,"INSERT INTO QLPN.DM_CO_QUANS (CQ_MA, CQ_TEN, CQ_TRANG_THAI, CREATION_TIME, IS_DELETED) SELECT MA, ND, 1 AS C_TRANG_THAI, SYSDATE AS CREATION_TIME, 0 AS IS_DELETED FROM QLPN_OLD.MA_CQ;"
8,JOB_DM_DAN_TOCS,QLPN_OLD,QLPN,MA_DAN_TOC,DM_DAN_TOCS,"INSERT INTO QLPN.DM_DAN_TOCS (DT_MA, DT_TEN, DT_TRANG_THAI, CREATION_TIME, IS_DELETED) SELECT MA, ND, 1 AS DT_TRANG_THAI, SYSDATE AS CREATION_TIME, 0 AS IS_DELETED FROM QLPN_OLD.MA_DAN_TOC;"
9,JOB_DM_DANG_VIENS,QLPN_OLD,QLPN,MA_DANG_VIEN,DM_DANG_VIENS,"INSERT INTO QLPN.DM_DANG_VIENS (DV_MA, DV_TEN, DV_TRANG_THAI, CREATION_TIME, IS_DELETED) SELECT MA, ND, 1 AS DV_TRANG_THAI, SYSDATE AS CREATION_TIME, 0 AS IS_DELETED FROM QLPN_OLD.MA_DANG_VIEN;"
10,JOB_DM_DIEU_KIEN_DAC_XAS,QLPN_OLD,QLPN,MA_DIEU_KIEN_DAC_XA,DM_DIEU_KIEN_DAC_XAS,"INSERT INTO QLPN.DM_DIEU_KIEN_DAC_XAS (DKDX_MA, DKDX_TEN, DKDX_TRANG_THAI, CREATION_TIME, IS_DELETED) SELECT MA, ND, 1 AS DKDX_TRANG_THAI, SYSDATE AS CREATION_TIME, 0 AS IS_DELETED FROM QLPN_OLD.MA_DIEU_KIEN_DAC_XA;"
11,JOB_DM_DIEU_KIEN_THOI_GIANS,QLPN_OLD,QLPN,MA_DIEU_KIEN_THOI_GIAN,DM_DIEU_KIEN_THOI_GIANS,"INSERT INTO QLPN.DM_DIEU_KIEN_THOI_GIANS (DKTG_MA, DKTG_TEN, DKTG_TRANG_THAI, CREATION_TIME, IS_DELETED) SELECT MA, ND, 1 AS DKTG_TRANG_THAI, SYSDATE AS CREATION_TIME, 0 AS IS_DELETED FROM QLPN_OLD.MA_DIEU_KIEN_THOI_GIAN;"
12,JOB_DM_DIEU_KIEN_XEP_LOAIES,QLPN_OLD,QLPN,MA_DIEU_KIEN_XEP_LOAI,DM_DIEU_KIEN_XEP_LOAIES,"INSERT INTO QLPN.DM_DIEU_KIEN_XEP_LOAIES (DKXL_MA, DKXL_TEN, DKXL_TRANG_THAI, CREATION_TIME, IS_DELETED) SELECT MA, ND, 1 AS DKXL_TRANG_THAI, SYSDATE AS CREATION_TIME, 0 AS IS_DELETED FROM QLPN_OLD.MA_DIEU_KIEN_XEP_LOAI;"
13,JOB_DM_DIEU_KIEN_GIAM_THOI_HANS,QLPN_OLD,QLPN,MA_DK_GTH,DM_DIEU_KIEN_GIAM_THOI_HANS,"INSERT INTO QLPN.DM_DIEU_KIEN_GIAM_THOI_HANS (DKGTH_THANG,DKGTH_DIEU_KIEN6_THANG,DKGTH_DIEU_KIEN_QUY, DKGTH_DIEU_KIEN_NAM,DKGTH_TRANG_THAI, CREATION_TIME, IS_DELETED,DKGTH_MA_XAC_THUC) SELECT THANG, DK_6THANG,DK_QUY,DK_NAM, 1 AS DKGTH_TRANG_THAI, SYSDATE AS CREATION_TIME, 0 AS IS_DELETED , 1 AS DKGTH_MA_XAC_THUC FROM QLPN_OLD.MA_DK_GTH;"
14,JOB_DM_DON_VI_TC8S,QLPN_OLD,QLPN,MA_DON_VI_TC8,DM_DON_VI_TC8S,"INSERT INTO QLPN.DM_DON_VI_TC8S (DVT_MA, DVT_TEN, DVT_TRANG_THAI, CREATION_TIME, IS_DELETED) SELECT MA, ND, 1 AS DVT_TRANG_THAI, SYSDATE AS CREATION_TIME, 0 AS IS_DELETED FROM QLPN_OLD.MA_DON_VI_TC8;"
15,JOB_DM_DUOC_DAC_XAS,QLPN_OLD,QLPN,MA_DUOC_DAC_XA,DM_DUOC_DAC_XAS,"INSERT INTO QLPN.DM_DUOC_DAC_XAS (DDX_MA, DDX_TEN, DDX_TRANG_THAI, CREATION_TIME, IS_DELETED) SELECT MA, ND, 1 AS DDX_TRANG_THAI, SYSDATE AS CREATION_TIME, 0 AS IS_DELETED FROM QLPN_OLD.MA_DUOC_DAC_XA;"
16,JOB_DM_GHI_CHU_DAC_XAS,QLPN_OLD,QLPN,MA_GHI_CHU_DX,DM_GHI_CHU_DAC_XAS,"INSERT INTO QLPN.DM_GHI_CHU_DAC_XAS (GCDX_MA, GCDX_TEN, GCDX_TRANG_THAI, CREATION_TIME, IS_DELETED) SELECT MA, ND, 1 AS GCDX_TRANG_THAI, SYSDATE AS CREATION_TIME, 0 AS IS_DELETED FROM QLPN_OLD.MA_GHI_CHU_DX;"
17,JOB_DM_GHI_CHU_HINH_PHAT_BO_SUNGS,QLPN_OLD,QLPN,MA_GHI_CHU_HPBS,DM_GHI_CHU_HINH_PHAT_BO_SUNGS,"INSERT INTO QLPN.DM_GHI_CHU_HINH_PHAT_BO_SUNGS (GCHPBS_MA, GCHPBS_TEN, GCHPBS_TRANG_THAI, CREATION_TIME, IS_DELETED) SELECT MA, ND, 1 AS GCHPBS_TRANG_THAI, SYSDATE AS CREATION_TIME, 0 AS IS_DELETED FROM QLPN_OLD.MA_GHI_CHU_HPBS;"
18,JOB_DM_GHI_CHU_HINH_PHAT_BO_SUNG_THUC_HIENS,QLPN_OLD,QLPN,MA_GHI_CHU_HPBS_TH,DM_GHI_CHU_HINH_PHAT_BO_SUNG_THUC_HIENS,"INSERT INTO QLPN.DM_GHI_CHU_HINH_PHAT_BO_SUNG_THUC_HIENS (GCHPBSTH_MA, GCHPBSTH_TEN, GCHPBSTH_TRANG_THAI, CREATION_TIME, IS_DELETED) SELECT MA, ND, 1 AS GCHPBSTH_TRANG_THAI, SYSDATE AS CREATION_TIME, 0 AS IS_DELETED FROM QLPN_OLD.MA_GHI_CHU_HPBS_TH;"
19,JOB_DM_GHI_CHU_RIENGS,QLPN_OLD,QLPN,MA_GHI_CHU_RIENG,DM_GHI_CHU_RIENGS,"INSERT INTO QLPN.DM_GHI_CHU_RIENGS (GCR_MA, GCR_TEN, GCR_TRANG_THAI, CREATION_TIME, IS_DELETED) SELECT MA, ND, 1 AS GCR_TRANG_THAI, SYSDATE AS CREATION_TIME, 0 AS IS_DELETED FROM QLPN_OLD.MA_GHI_CHU_RIENG;"
20,JOB_DM_GHI_CHU_TIEN_ANS,QLPN_OLD,QLPN,MA_GHI_CHU_TIEN_AN,DM_GHI_CHU_TIEN_ANS,"INSERT INTO QLPN.DM_GHI_CHU_TIEN_ANS (GCTA_MA, GCTA_TEN, GCTA_TRANG_THAI, CREATION_TIME, IS_DELETED) SELECT MA, ND, 1 AS GCTA_TRANG_THAI, SYSDATE AS CREATION_TIME, 0 AS IS_DELETED FROM QLPN_OLD.MA_GHI_CHU_TIEN_AN;"
21,JOB_DM_GIOI_TINHS,QLPN_OLD,QLPN,MA_GIOI_TINH,DM_GIOI_TINHS,"INSERT INTO QLPN.DM_GIOI_TINHS (GT_MA, GT_TEN, GT_TRANG_THAI, CREATION_TIME, IS_DELETED) SELECT MA, ND, 1 AS GT_TRANG_THAI, SYSDATE AS CREATION_TIME, 0 AS IS_DELETED FROM QLPN_OLD.MA_GIOI_TINH;"
22,JOB_DM_HANG_HOAS,QLPN_OLD,QLPN,MA_HANG_HOA,DM_HANG_HOAS,"INSERT INTO QLPN.DM_HANG_HOAS (HH_MA, HH_TEN, HH_TRANG_THAI, CREATION_TIME, IS_DELETED) SELECT MA, ND, 1 AS HH_TRANG_THAI, SYSDATE AS CREATION_TIME, 0 AS IS_DELETED FROM QLPN_OLD.MA_HANG_HOA;"
23,JOB_DM_HE_SO_TIENS,QLPN_OLD,QLPN,MA_HE_SO_TIEN,DM_HE_SO_TIENS,"INSERT INTO QLPN.DM_HE_SO_TIENS (HST_MA, HST_TEN, HST_TRANG_THAI, CREATION_TIME, IS_DELETED) SELECT MA, ND, 1 AS HST_TRANG_THAI, SYSDATE AS CREATION_TIME, 0 AS IS_DELETED FROM QLPN_OLD.MA_HE_SO_TIEN;"
24,JOB_DM_MA_HIEU_TRAIES,QLPN_OLD,QLPN,MA_HIEU_TRAI,DM_MA_HIEU_TRAIES,"INSERT INTO QLPN.DM_MA_HIEU_TRAIES (MHT_MA_TRAI,MHT_MA, MHT_TEN, MHT_TRANG_THAI, CREATION_TIME, IS_DELETED) SELECT MA_TRAI, MA_TRAI AS MHT_MA, ND, 1 AS MHT_TRANG_THAI, SYSDATE AS CREATION_TIME, 0 AS IS_DELETED FROM QLPN_OLD.MA_HIEU_TRAI;"
25,JOB_DM_HINH_PHAT_BO_SUNGS,QLPN_OLD,QLPN,MA_HINH_PHAT_BS,DM_HINH_PHAT_BO_SUNGS,"INSERT INTO QLPN.DM_HINH_PHAT_BO_SUNGS (HPBS_MA, HPBS_TEN, HPBS_TRANG_THAI, CREATION_TIME, IS_DELETED) SELECT MA, ND, 1 AS HPBS_TRANG_THAI, SYSDATE AS CREATION_TIME, 0 AS IS_DELETED FROM QLPN_OLD.MA_HINH_PHAT_BS;"
26,JOB_DM_HINH_THUC_CHONS,QLPN_OLD,QLPN,MA_HINH_THUC_CHON,DM_HINH_THUC_CHONS,"INSERT INTO QLPN.DM_HINH_THUC_CHONS (HTC_MA, HTC_TEN, HTC_TRANG_THAI, CREATION_TIME, IS_DELETED) SELECT MA, ND, 1 AS HTC_TRANG_THAI, SYSDATE AS CREATION_TIME, 0 AS IS_DELETED FROM QLPN_OLD.MA_HINH_THUC_CHON;"
27,JOB_DM_HINH_THUC_KY_LUATS,QLPN_OLD,QLPN,MA_HINH_THUC_KL,DM_HINH_THUC_KY_LUATS,"INSERT INTO QLPN.DM_HINH_THUC_KY_LUATS (HTKL_MA, HTKL_TEN, HTKL_TRANG_THAI, CREATION_TIME, IS_DELETED) SELECT MA, ND, 1 AS HTKL_TRANG_THAI, SYSDATE AS CREATION_TIME, 0 AS IS_DELETED FROM QLPN_OLD.MA_HINH_THUC_KL;"
28,JOB_DM_HINH_THUC_KHEN_THUONGS,QLPN_OLD,QLPN,MA_HINH_THUC_KT_PN,DM_HINH_THUC_KHEN_THUONGS,"INSERT INTO QLPN.DM_HINH_THUC_KHEN_THUONGS (HTKT_MA, HTKT_TEN, HTKT_TRANG_THAI, CREATION_TIME, IS_DELETED) SELECT MA, ND, 1 AS HTKT_TRANG_THAI, SYSDATE AS CREATION_TIME, 0 AS IS_DELETED FROM QLPN_OLD.MA_HINH_THUC_KT_PN;"
29,JOB_DM_HOC_VANS,QLPN_OLD,QLPN,MA_HOC_VAN,DM_HOC_VANS,"INSERT INTO QLPN.DM_HOC_VANS (HV_MA, HV_TEN, HV_TRANG_THAI, CREATION_TIME, IS_DELETED) SELECT MA, ND, 1 AS HV_TRANG_THAI, SYSDATE AS CREATION_TIME, 0 AS IS_DELETED FROM QLPN_OLD.MA_HOC_VAN;"
30,JOB_DM_HINH_THUC_XU_LY_BATS,QLPN_OLD,QLPN,MA_HTXL_BAT,DM_HINH_THUC_XU_LY_BATS,"INSERT INTO QLPN.DM_HINH_THUC_XU_LY_BATS (HTXLB_MA, HTXLB_TEN, HTXLB_TRANG_THAI, CREATION_TIME, IS_DELETED) SELECT MA, ND, 1 AS HTXLB_TRANG_THAI, SYSDATE AS CREATION_TIME, 0 AS IS_DELETED FROM QLPN_OLD.MA_HTXL_BAT;"
33,JOB_DM_KY_XEP_LOAI_CAI_TAOS,QLPN_OLD,QLPN,MA_KY_XLCT,DM_KY_XEP_LOAI_CAI_TAOS,"INSERT INTO QLPN.DM_KY_XEP_LOAI_CAI_TAOS (KXLCT_MA, KXLCT_TEN, KXLCT_TRANG_THAI, KXLCT_TU_NGAY, KXLCT_DEN_NGAY, CREATION_TIME, IS_DELETED) SELECT MA, ND, 1 AS KXLCT_TRANG_THAI, TU_NGAY,DEN_NGAY,SYSDATE AS CREATION_TIME, 0 AS IS_DELETED FROM QLPN_OLD.MA_KY_XLCT;"
34,JOB_DM_LY_DO_AN_GIAMS,QLPN_OLD,QLPN,MA_LD_AN_GIAM,DM_LY_DO_AN_GIAMS,"INSERT INTO QLPN.DM_LY_DO_AN_GIAMS (LDAG_MA, LDAG_TEN, LDAG_TRANG_THAI, CREATION_TIME, IS_DELETED) SELECT MA, ND, 1 AS LDAG_TRANG_THAI, SYSDATE AS CREATION_TIME, 0 AS IS_DELETED FROM QLPN_OLD.MA_LD_AN_GIAM;"
35,JOB_DM_LY_DO_KHONG_XET_GIAMS,QLPN_OLD,QLPN,MA_LD_KHONG_XET_GIAM,DM_LY_DO_KHONG_XET_GIAMS,"INSERT INTO QLPN.DM_LY_DO_KHONG_XET_GIAMS (LDKXG_MA, LDKXG_TEN, LDKXG_TRANG_THAI, CREATION_TIME, IS_DELETED) SELECT MA, ND, 1 AS LDKXG_TRANG_THAI, SYSDATE AS CREATION_TIME, 0 AS IS_DELETED FROM QLPN_OLD.MA_LD_KHONG_XET_GIAM;"
36,JOB_DM_LENH_GIAM_RIENGS,QLPN_OLD,QLPN,MA_LENH_GIAM_RIENG,DM_LENH_GIAM_RIENGS,"INSERT INTO QLPN.DM_LENH_GIAM_RIENGS (LGR_MA, LGR_TEN, LGR_TRANG_THAI, CREATION_TIME, IS_DELETED) SELECT MA, ND, 1 AS LGR_TRANG_THAI, SYSDATE AS CREATION_TIME, 0 AS IS_DELETED FROM QLPN_OLD.MA_LENH_GIAM_RIENG;"
37,JOB_DM_LOAI_QUYET_DINH_TAM_DINH_CHIES,QLPN_OLD,QLPN,MA_LENH_TDC,DM_LOAI_QUYET_DINH_TAM_DINH_CHIES,"INSERT INTO QLPN.DM_LOAI_QUYET_DINH_TAM_DINH_CHIES (LQDTDC_MA, LQDTDC_TEN, LQDTDC_TRANG_THAI, CREATION_TIME, IS_DELETED) SELECT MA, ND, 1 AS LQDTDC_TRANG_THAI, SYSDATE AS CREATION_TIME, 0 AS IS_DELETED FROM QLPN_OLD.MA_LENH_TDC;"
38,JOB_DM_LOAI_QUYET_DINH_TRICH_XUATS,QLPN_OLD,QLPN,MA_LENH_TX,DM_LOAI_QUYET_DINH_TRICH_XUATS,"INSERT INTO QLPN.DM_LOAI_QUYET_DINH_TRICH_XUATS (LQDTX_MA, LQDTX_TEN, LQDTX_TRANG_THAI, CREATION_TIME, IS_DELETED) SELECT MA, ND, 1 AS LQDTX_TRANG_THAI, SYSDATE AS CREATION_TIME, 0 AS IS_DELETED FROM QLPN_OLD.MA_LENH_TX;"
39,JOB_DM_LOAI_BAO_QUANS,QLPN_OLD,QLPN,MA_LOAI_BAO_QUAN,DM_LOAI_BAO_QUANS,"INSERT INTO QLPN.DM_LOAI_BAO_QUANS (LBQ_MA, LBQ_TEN, LBQ_TRANG_THAI, CREATION_TIME, IS_DELETED) SELECT MA, ND, 1 AS LBQ_TRANG_THAI, SYSDATE AS CREATION_TIME, 0 AS IS_DELETED FROM QLPN_OLD.MA_LOAI_BAO_QUAN;"
40,JOB_DM_LOAI_BIEN_BAN_GIAO_NHANS,QLPN_OLD,QLPN,MA_LOAI_BB_GIAO_NHAN,DM_LOAI_BIEN_BAN_GIAO_NHANS,"INSERT INTO QLPN.DM_LOAI_BIEN_BAN_GIAO_NHANS (LBBGN_MA, LBBGN_TEN, LBBGN_TRANG_THAI, CREATION_TIME, IS_DELETED) SELECT MA, ND, 1 AS LBBGN_TRANG_THAI, SYSDATE AS CREATION_TIME, 0 AS IS_DELETED FROM QLPN_OLD.MA_LOAI_BB_GIAO_NHAN;"
41,JOB_DM_LOAI_DOI_TUONGS,QLPN_OLD,QLPN,MA_LOAI_DOI_TUONG,DM_LOAI_DOI_TUONGS,"INSERT INTO QLPN.DM_LOAI_DOI_TUONGS (LDT_MA, LDT_TEN, LDT_TRANG_THAI, CREATION_TIME, IS_DELETED) SELECT MA, ND, 1 AS LDT_TRANG_THAI, SYSDATE AS CREATION_TIME, 0 AS IS_DELETED FROM QLPN_OLD.MA_LOAI_DOI_TUONG;"
42,JOB_DM_LOAI_DOI_TUONG_AN_NINH_QUOC_GIAS,QLPN_OLD,QLPN,MA_LOAI_DOI_TUONG_ANQG,DM_LOAI_DOI_TUONG_AN_NINH_QUOC_GIAS,"INSERT INTO QLPN.DM_LOAI_DOI_TUONG_AN_NINH_QUOC_GIAS (LDTANQG_MA, LDTANQG_TEN, LDTANQG_TRANG_THAI, CREATION_TIME, IS_DELETED) SELECT MA, ND, 1 AS LDTANQG_TRANG_THAI, SYSDATE AS CREATION_TIME, 0 AS IS_DELETED FROM QLPN_OLD.MA_LOAI_DOI_TUONG_ANQG;"
43,JOB_DM_LOAI_HINH_PHATS,QLPN_OLD,QLPN,MA_LOAI_HINH_PHAT,DM_LOAI_HINH_PHATS,"INSERT INTO QLPN.DM_LOAI_HINH_PHATS (LHP_MA, LHP_TEN, LHP_TRANG_THAI, CREATION_TIME, IS_DELETED) SELECT MA, ND, 1 AS LHP_TRANG_THAI, SYSDATE AS CREATION_TIME, 0 AS IS_DELETED FROM QLPN_OLD.MA_LOAI_HINH_PHAT;"
44,JOB_DM_LOAI_NOP_LUUS,QLPN_OLD,QLPN,MA_LOAI_NOP_LUU,DM_LOAI_NOP_LUUS,"INSERT INTO QLPN.DM_LOAI_NOP_LUUS (LNL_MA, LNL_TEN, LNL_TRANG_THAI, CREATION_TIME, IS_DELETED) SELECT MA, ND, 1 AS LNL_TRANG_THAI, SYSDATE AS CREATION_TIME, 0 AS IS_DELETED FROM QLPN_OLD.MA_LOAI_NOP_LUU;"
45,JOB_DM_MA_PHAN_LOAIES,QLPN_OLD,QLPN,MA_LOAI_PHAN_LOAI,DM_MA_PHAN_LOAIES,"INSERT INTO QLPN.DM_MA_PHAN_LOAIES (MPL_MA, MPL_TEN, MPL_TRANG_THAI, CREATION_TIME, IS_DELETED) SELECT MA, ND, 1 AS PLGG_TRANG_THAI, SYSDATE AS CREATION_TIME, 0 AS IS_DELETED FROM QLPN_OLD.MA_LOAI_PHAN_LOAI;"
46,JOB_DM_LOAI_TANG_GIAM_HINH_PHATS,QLPN_OLD,QLPN,MA_LOAI_TGHP,DM_LOAI_TANG_GIAM_HINH_PHATS,"INSERT INTO QLPN.DM_LOAI_TANG_GIAM_HINH_PHATS (LTGHP_MA, LTGHP_TEN, LTGHP_TRANG_THAI, CREATION_TIME, IS_DELETED) SELECT MA, ND, 1 AS LTGHP_TRANG_THAI, SYSDATE AS CREATION_TIME, 0 AS IS_DELETED FROM QLPN_OLD.MA_LOAI_TGHP;"
47,JOB_DM_LOAI_THOI_GIAN_BAO_QUAN_HO_SO_PHAM_NHANS,QLPN_OLD,QLPN,MA_LOAI_TG_BQ_HSPN,DM_LOAI_THOI_GIAN_BAO_QUAN_HO_SO_PHAM_NHANS,"INSERT INTO QLPN.DM_LOAI_THOI_GIAN_BAO_QUAN_HO_SO_PHAM_NHANS (LTGBQHSPN_MA, LTGBQHSPN_TEN, LTGBQHSPN_TRANG_THAI, CREATION_TIME, IS_DELETED) SELECT MA, ND, 1 AS LTGBQHSPN_TRANG_THAI, SYSDATE AS CREATION_TIME, 0 AS IS_DELETED FROM QLPN_OLD.MA_LOAI_TG_BQ_HSPN;"
48,JOB_DM_LOAI_VU_ANS,QLPN_OLD,QLPN,MA_LOAI_VU_AN,DM_LOAI_VU_ANS,"INSERT INTO QLPN.DM_LOAI_VU_ANS (LVA_MA, LVA_TEN, LVA_TRANG_THAI, CREATION_TIME, IS_DELETED) SELECT MA, ND, 1 AS LVA_TRANG_THAI, SYSDATE AS CREATION_TIME, 0 AS IS_DELETED FROM QLPN_OLD.MA_LOAI_VU_AN;"
49,JOB_DM_LY_DO_GIAM_RIENG_PHAM_NHANS,QLPN_OLD,QLPN,MA_LY_DO_GR,DM_LY_DO_GIAM_RIENG_PHAM_NHANS,"INSERT INTO QLPN.DM_LY_DO_GIAM_RIENG_PHAM_NHANS (LDGRPN_MA, LDGRPN_TEN, LDGRPN_TRANG_THAI, CREATION_TIME, IS_DELETED) SELECT MA, ND, 1 AS LDGRPN_TRANG_THAI, SYSDATE AS CREATION_TIME, 0 AS IS_DELETED FROM QLPN_OLD.MA_LY_DO_GR;"
50,JOB_DM_LY_DO_KHONG_XET_DAC_XAS,QLPN_OLD,QLPN,MA_LY_DO_KHONG_XET_DX,DM_LY_DO_KHONG_XET_DAC_XAS,"INSERT INTO QLPN.DM_LY_DO_KHONG_XET_DAC_XAS (LDKXDX_MA, LDKXDX_TEN, LDKXDX_TRANG_THAI, CREATION_TIME, IS_DELETED) SELECT MA, ND, 1 AS LDKXDX_TRANG_THAI, SYSDATE AS CREATION_TIME, 0 AS IS_DELETED FROM QLPN_OLD.MA_LY_DO_KHONG_XET_DX;"
51,JOB_DM_LY_DO_KY_LUATS,QLPN_OLD,QLPN,MA_LY_DO_KL_PN,DM_LY_DO_KY_LUATS,"INSERT INTO QLPN.DM_LY_DO_KY_LUATS (LDKL_MA, LDKL_TEN, LDKL_TRANG_THAI, CREATION_TIME, IS_DELETED) SELECT MA, ND, 1 AS LDKL_TRANG_THAI, SYSDATE AS CREATION_TIME, 0 AS IS_DELETED FROM QLPN_OLD.MA_LY_DO_KL_PN;"
52,JOB_DM_LY_DO_KHENS,QLPN_OLD,QLPN,MA_LY_DO_KT_PN,DM_LY_DO_KHENS,"INSERT INTO QLPN.DM_LY_DO_KHENS (LDK_MA, LDK_TEN, LDK_TRANG_THAI, CREATION_TIME, IS_DELETED) SELECT MA, ND, 1 AS LDK_TRANG_THAI, SYSDATE AS CREATION_TIME, 0 AS IS_DELETED FROM QLPN_OLD.MA_LY_DO_KT_PN;"
53,JOB_DM_LY_DO_TAM_DINH_CHIES,QLPN_OLD,QLPN,MA_LY_DO_TDC_PN,DM_LY_DO_TAM_DINH_CHIES,"INSERT INTO QLPN.DM_LY_DO_TAM_DINH_CHIES (LDTDC_MA, LDTDC_TEN, LDTDC_TRANG_THAI, CREATION_TIME, IS_DELETED) SELECT MA, ND, 1 AS LDTDC_TRANG_THAI, SYSDATE AS CREATION_TIME, 0 AS IS_DELETED FROM QLPN_OLD.MA_LY_DO_TDC_PN;"
54,JOB_DM_LY_DO_TRICH_XUATS,QLPN_OLD,QLPN,MA_LY_DO_TRICH_XUAT,DM_LY_DO_TRICH_XUATS,"INSERT INTO QLPN.DM_LY_DO_TRICH_XUATS (LDTX_MA, LDTX_TEN, LDTX_TRANG_THAI, CREATION_TIME, IS_DELETED) SELECT MA, ND, 1 AS LDTX_TRANG_THAI, SYSDATE AS CREATION_TIME, 0 AS IS_DELETED FROM QLPN_OLD.MA_LY_DO_TRICH_XUAT;"
55,JOB_DM_LY_DO_TRO_LAIES,QLPN_OLD,QLPN,MA_LY_DO_TRO_LAI,DM_LY_DO_TRO_LAIES,"INSERT INTO QLPN.DM_LY_DO_TRO_LAIES (LDTL_MA, LDTL_TEN, LDTL_TRANG_THAI, CREATION_TIME, IS_DELETED) SELECT MA, ND, 1 AS LDTL_TRANG_THAI, SYSDATE AS CREATION_TIME, 0 AS IS_DELETED FROM QLPN_OLD.MA_LY_DO_TRO_LAI;"
56,JOB_DM_BIEN_PHAP_CAI_NGHIEN_MA_TUIES,QLPN_OLD,QLPN,MA_MT_BIEN_PHAP_CAI_NGHIEN,DM_BIEN_PHAP_CAI_NGHIEN_MA_TUIES,"INSERT INTO QLPN.DM_BIEN_PHAP_CAI_NGHIEN_MA_TUIES (BPCNMT_MA, BPCNMT_TEN, BPCNMT_TRANG_THAI, CREATION_TIME, IS_DELETED) SELECT MA, ND, 1 AS MBPCN_TRANG_THAI, SYSDATE AS CREATION_TIME, 0 AS IS_DELETED FROM QLPN_OLD.MA_MT_BIEN_PHAP_CAI_NGHIEN;"
57,JOB_DM_CAN_CU_XAC_DINH_MA_TUIES,QLPN_OLD,QLPN,MA_MT_CAN_CU_XAC_DINH,DM_CAN_CU_XAC_DINH_MA_TUIES,"INSERT INTO QLPN.DM_CAN_CU_XAC_DINH_MA_TUIES (CCXDMT_MA, CCXDMT_TEN, CCXDMT_TRANG_THAI, CREATION_TIME, IS_DELETED) SELECT MA, ND, 1 AS MCCXD_TRANG_THAI, SYSDATE AS CREATION_TIME, 0 AS IS_DELETED FROM QLPN_OLD.MA_MT_CAN_CU_XAC_DINH;"
58,JOB_DM_CHAT_MA_TUIES,QLPN_OLD,QLPN,MA_MT_CHAT_MA_TUY,DM_CHAT_MA_TUIES,"INSERT INTO QLPN.DM_CHAT_MA_TUIES (CMT_MA, CMT_TEN, CMT_TRANG_THAI, CREATION_TIME, IS_DELETED) SELECT MA, ND, 1 AS CMT_TRANG_THAI, SYSDATE AS CREATION_TIME, 0 AS IS_DELETED FROM QLPN_OLD.MA_MT_CHAT_MA_TUY;"
59,JOB_DM_DONG_CO_SU_DUNG_MA_TUIES,QLPN_OLD,QLPN,MA_MT_DONG_CO_SU_DUNG,DM_DONG_CO_SU_DUNG_MA_TUIES,"INSERT INTO QLPN.DM_DONG_CO_SU_DUNG_MA_TUIES (DCSDMT_MA,DCSDMT_TEN, DCSDMT_TRANG_THAI) SELECT MA, ND, 1 AS DCSDMT_TRANG_THAI FROM QLPN_OLD.MA_MT_DONG_CO_SU_DUNG;"
60,JOB_DM_DO_TUOI_SU_DUNG_MA_TUIES,QLPN_OLD,QLPN,MA_MT_DO_TUOI_SU_DUNG,DM_DO_TUOI_SU_DUNG_MA_TUIES,"INSERT INTO QLPN.DM_DO_TUOI_SU_DUNG_MA_TUIES (DTSDMT_MA, DTSDMT_TEN, DTSDMT_TRANG_THAI, CREATION_TIME, IS_DELETED) SELECT MA, ND, 1 AS DTSDMT_TRANG_THAI, SYSDATE AS CREATION_TIME, 0 AS IS_DELETED FROM QLPN_OLD.MA_MT_DO_TUOI_SU_DUNG;"
61,JOB_DM_HINH_THUC_SU_DUNG_MA_TUIES,QLPN_OLD,QLPN,MA_MT_HINH_THUC_SU_DUNG,DM_HINH_THUC_SU_DUNG_MA_TUIES,"INSERT INTO QLPN.DM_HINH_THUC_SU_DUNG_MA_TUIES (HTSDMT_MA, HTSDMT_TEN, HTSDMT_TRANG_THAI, CREATION_TIME, IS_DELETED) SELECT MA, ND, 1 AS HTSDMT_TRANG_THAI, SYSDATE AS CREATION_TIME, 0 AS IS_DELETED FROM QLPN_OLD.MA_MT_HINH_THUC_SU_DUNG;"
62,JOB_DM_MT_HOAN_CANH_GIA_DINHS,QLPN_OLD,QLPN,MA_MT_HOAN_CANH_GIA_DINH,DM_MT_HOAN_CANH_GIA_DINHS,"INSERT INTO QLPN.DM_MT_HOAN_CANH_GIA_DINHS (MHCGD_MA, MHCGD_TEN, MHCGD_TRANG_THAI, CREATION_TIME, IS_DELETED) SELECT MA, ND, 1 AS MHCGD_TRANG_THAI, SYSDATE AS CREATION_TIME, 0 AS IS_DELETED FROM QLPN_OLD.MA_MT_HOAN_CANH_GIA_DINH;"
63,JOB_DM_MT_NGHE_NGHIEP_BO_MES,QLPN_OLD,QLPN,MA_MT_NGHE_NGHIEP_BO_ME,DM_MT_NGHE_NGHIEP_BO_MES,"INSERT INTO QLPN.DM_MT_NGHE_NGHIEP_BO_MES (MNNBM_MA, MNNBM_TEN, MNNBM_TRANG_THAI, CREATION_TIME, IS_DELETED) SELECT MA, ND, 1 AS MNNBM_TRANG_THAI, SYSDATE AS CREATION_TIME, 0 AS IS_DELETED FROM QLPN_OLD.MA_MT_NGHE_NGHIEP_BO_ME;"
64,JOB_DM_NGUON_TIEN_MUA_MA_TUIES,QLPN_OLD,QLPN,MA_MT_NGUON_TIEN_MUA_MT,DM_NGUON_TIEN_MUA_MA_TUIES,"INSERT INTO QLPN.DM_NGUON_TIEN_MUA_MA_TUIES (NTMMT_MA, NTMMT_TEN, NTMMT_TRANG_THAI, CREATION_TIME, IS_DELETED) SELECT MA, ND, 1 AS NTMMT_TRANG_THAI, SYSDATE AS CREATION_TIME, 0 AS IS_DELETED FROM QLPN_OLD.MA_MT_NGUON_TIEN_MUA_MT;"
65,JOB_DM_NGUYEN_NHAN_TAI_NGHIEN_MA_TUIES,QLPN_OLD,QLPN,MA_MT_NGUYEN_NHAN_TAI_NGHIEN,DM_NGUYEN_NHAN_TAI_NGHIEN_MA_TUIES,"INSERT INTO QLPN.DM_NGUYEN_NHAN_TAI_NGHIEN_MA_TUIES (NNTNMT_MA, NNTNMT_TEN, NNTNMT_TRANG_THAI, CREATION_TIME, IS_DELETED) SELECT MA, ND, 1 AS NNTNMT_TRANG_THAI, SYSDATE AS CREATION_TIME, 0 AS IS_DELETED FROM QLPN_OLD.MA_MT_NGUYEN_NHAN_TAI_NGHIEN;"
66,JOB_DM_SO_LAN_SU_DUNG_MA_TUYS,QLPN_OLD,QLPN,MA_MT_SO_LAN_SU_DUNG,DM_SO_LAN_SU_DUNG_MA_TUYS,"INSERT INTO QLPN.DM_SO_LAN_SU_DUNG_MA_TUYS (SLSDMT_MA, SLSDMT_TEN, SLSDMT_TRANG_THAI, CREATION_TIME, IS_DELETED) SELECT MA, ND, 1 AS SLSDMT_TRANG_THAI, SYSDATE AS CREATION_TIME, 0 AS IS_DELETED FROM QLPN_OLD.MA_MT_SO_LAN_SU_DUNG;"
67,JOB_DM_MT_THOI_GIAN_SU_DUNG_MA_TUIES,QLPN_OLD,QLPN,MA_MT_THOI_GIAN_SU_DUNG,DM_MT_THOI_GIAN_SU_DUNG_MA_TUIES,"INSERT INTO QLPN.DM_MT_THOI_GIAN_SU_DUNG_MA_TUIES (TGSDMT_MA, TGSDMT_TEN, TGSDMT_TRANG_THAI, CREATION_TIME, IS_DELETED) SELECT MA, ND, 1 AS TGSDMT_TRANG_THAI, SYSDATE AS CREATION_TIME, 0 AS IS_DELETED FROM QLPN_OLD.MA_MT_THOI_GIAN_SU_DUNG;"
68,JOB_DM_MT_TINH_TRANG_CAI_NGHIEN_MA_TUIES,QLPN_OLD,QLPN,MA_MT_TINH_TRANG_CAI_NGHIEN,DM_MT_TINH_TRANG_CAI_NGHIEN_MA_TUIES,"INSERT INTO QLPN.DM_MT_TINH_TRANG_CAI_NGHIEN_MA_TUIES (TTCNMT_MA, TTCNMT_TEN, TTCNMT_TRANG_THAI, CREATION_TIME, IS_DELETED) SELECT MA, ND, 1 AS TTCNMT_TRANG_THAI, SYSDATE AS CREATION_TIME, 0 AS IS_DELETED FROM QLPN_OLD.MA_MT_TINH_TRANG_CAI_NGHIEN;"
69,JOB_DM_MT_TINH_TRANG_HON_NHANS,QLPN_OLD,QLPN,MA_MT_TINH_TRANG_HON_NHAN,DM_MT_TINH_TRANG_HON_NHANS,"INSERT INTO QLPN.DM_MT_TINH_TRANG_HON_NHANS (MTTHN_MA, MTTHN_TEN, MTTHN_TRANG_THAI, CREATION_TIME, IS_DELETED) SELECT MA, ND, 1 AS MTTHN_TRANG_THAI, SYSDATE AS CREATION_TIME, 0 AS IS_DELETED FROM QLPN_OLD.MA_MT_TINH_TRANG_HON_NHAN;"
70,JOB_DM_MT_TINH_TRANG_KINH_TE_GIA_DINHS,QLPN_OLD,QLPN,MA_MT_TINH_TRANG_KINH_TE_GD,DM_MT_TINH_TRANG_KINH_TE_GIA_DINHS,"INSERT INTO QLPN.DM_MT_TINH_TRANG_KINH_TE_GIA_DINHS (MTTKTGD_MA, MTTKTGD_TEN, MTTKTGD_TRANG_THAI, CREATION_TIME, IS_DELETED) SELECT MA, ND, 1 AS MTTKTGD_TRANG_THAI, SYSDATE AS CREATION_TIME, 0 AS IS_DELETED FROM QLPN_OLD.MA_MT_TINH_TRANG_KINH_TE_GD;"
71,JOB_DM_MT_TINH_TRANG_NGHIEN_MA_TUIES,QLPN_OLD,QLPN,MA_MT_TINH_TRANG_NGHIEN,DM_MT_TINH_TRANG_NGHIEN_MA_TUIES,"INSERT INTO QLPN.DM_MT_TINH_TRANG_NGHIEN_MA_TUIES (TTNMT_MA, TTNMT_TEN, TTNMT_TRANG_THAI, CREATION_TIME, IS_DELETED) SELECT MA, ND, 1 AS TTNMT_TRANG_THAI, SYSDATE AS CREATION_TIME, 0 AS IS_DELETED FROM QLPN_OLD.MA_MT_TINH_TRANG_NGHIEN;"
72,JOB_DM_MT_THANH_PHAN_BAN_THANS,QLPN_OLD,QLPN,MA_MT_TP_BAN_THAN,DM_MT_THANH_PHAN_BAN_THANS,"INSERT INTO QLPN.DM_MT_THANH_PHAN_BAN_THANS (MTPBT_MA, MTPBT_TEN, MTPBT_TRANG_THAI, CREATION_TIME, IS_DELETED) SELECT MA, ND, 1 AS MTPBT_TRANG_THAI, SYSDATE AS CREATION_TIME, 0 AS IS_DELETED FROM QLPN_OLD.MA_MT_TP_BAN_THAN;"
73,JOB_DM_MT_TRINH_DO_HOC_VANS,QLPN_OLD,QLPN,MA_MT_TRINH_DO_HV,DM_MT_TRINH_DO_HOC_VANS,"INSERT INTO QLPN.DM_MT_TRINH_DO_HOC_VANS (MTDHV_MA, MTDHV_TEN, MTDHV_TRANG_THAI, CREATION_TIME, IS_DELETED) SELECT MA, ND, 1 AS MTDHV_TRANG_THAI, SYSDATE AS CREATION_TIME, 0 AS IS_DELETED FROM QLPN_OLD.MA_MT_TRINH_DO_HV;"
74,JOB_DM_MT_TRUONG_HOP_CAIES,QLPN_OLD,QLPN,MA_MT_TRUONG_HOP_CAI,DM_MT_TRUONG_HOP_CAIES,"INSERT INTO QLPN.DM_MT_TRUONG_HOP_CAIES (MTHC_MA, MTHC_TEN, MTHC_TRANG_THAI, CREATION_TIME, IS_DELETED) SELECT MA, ND, 1 AS MTHC_TRANG_THAI, SYSDATE AS CREATION_TIME, 0 AS IS_DELETED FROM QLPN_OLD.MA_MT_TRUONG_HOP_CAI;"
75,JOB_DM_MT_TRUONG_HOP_NGHIEN_MA_TUIES,QLPN_OLD,QLPN,MA_MT_TRUONG_HOP_NGHIEN,DM_MT_TRUONG_HOP_NGHIEN_MA_TUIES,"INSERT INTO QLPN.DM_MT_TRUONG_HOP_NGHIEN_MA_TUIES (THNMT_MA, THNMT_TEN, THNMT_TRANG_THAI, CREATION_TIME, IS_DELETED) SELECT MA, ND, 1 AS THNMT_TRANG_THAI, SYSDATE AS CREATION_TIME, 0 AS IS_DELETED FROM QLPN_OLD.MA_MT_TRUONG_HOP_NGHIEN;"
76,JOB_DM_MT_YEU_TO_CAI_NGHIEN_HIEU_QUAS,QLPN_OLD,QLPN,MA_MT_YEU_TO_CAI_NGHIEN_HQ,DM_MT_YEU_TO_CAI_NGHIEN_HIEU_QUAS,"INSERT INTO QLPN.DM_MT_YEU_TO_CAI_NGHIEN_HIEU_QUAS (MYTCNHQ_MA, MYTCNHQ_TEN, MYTCNHQ_TRANG_THAI, CREATION_TIME, IS_DELETED) SELECT MA, ND, 1 AS MYTCNHQ_TRANG_THAI, SYSDATE AS CREATION_TIME, 0 AS IS_DELETED FROM QLPN_OLD.MA_MT_YEU_TO_CAI_NGHIEN_HQ;"
77,JOB_DM_MA_THOI_GIANS,QLPN_OLD,QLPN,MA_MUC_THOI_GIAN,DM_MA_THOI_GIANS,"INSERT INTO QLPN.DM_MA_THOI_GIANS (MTG_MA, MTG_TITLE,MTG_THANG,MTG_NAM,MTG_NGAY, MTG_TRANG_THAI, CREATION_TIME, IS_DELETED) SELECT MA, ND,THANG ,0 AS MTG_NAM,NGAY , 1 AS MTG_TRANG_THAI, SYSDATE AS CREATION_TIME, 0 AS IS_DELETED FROM QLPN_OLD.MA_MUC_THOI_GIAN;"
78,JOB_DM_NGHE_NGHIEPS,QLPN_OLD,QLPN,MA_NGHE_NGHIEP,DM_NGHE_NGHIEPS,"INSERT INTO QLPN.DM_NGHE_NGHIEPS (NN_MA, NN_TEN, NN_TRANG_THAI, CREATION_TIME, IS_DELETED) SELECT MA, ND, 1 AS NN_TRANG_THAI, SYSDATE AS CREATION_TIME, 0 AS IS_DELETED FROM QLPN_OLD.MA_NGHE_NGHIEP;"
79,JOB_DM_BENH_TATS,QLPN_OLD,QLPN,MA_SUC_KHOE,DM_BENH_TATS,"INSERT INTO QLPN.DM_BENH_TATS (BT_MA, BT_TEN, BT_TRANG_THAI, CREATION_TIME, IS_DELETED) SELECT MA, ND, 1 AS BT_TRANG_THAI, SYSDATE AS CREATION_TIME, 0 AS IS_DELETED FROM QLPN_OLD.MA_SUC_KHOE;"
80,JOB_DM_PHAN_LOAI_GIAM_GIUS,QLPN_OLD,QLPN,MA_PHAN_LOAI_GIAM_GIU,DM_PHAN_LOAI_GIAM_GIUS,"INSERT INTO QLPN.DM_PHAN_LOAI_GIAM_GIUS (PLGG_MA, PLGG_TEN, PLGG_TRANG_THAI, CREATION_TIME, IS_DELETED) SELECT MA, ND, 1 AS PLGG_TRANG_THAI, SYSDATE AS CREATION_TIME, 0 AS IS_DELETED FROM QLPN_OLD.MA_PHAN_LOAI_GIAM_GIU;"
81,JOB_DM_QUAN_HE_VOI_PHAM_NHANS,QLPN_OLD,QLPN,MA_QUAN_HE_PN,DM_QUAN_HE_VOI_PHAM_NHANS,"INSERT INTO QLPN.DM_QUAN_HE_VOI_PHAM_NHANS (QHVPN_MA,QHVPN_TEN,QHVPN_GIOI_TINH, QHVPN_TRANG_THAI, CREATION_TIME, IS_DELETED) SELECT MA, ND,1 AS QHVPN_GIOI_TINH , 1 AS QHVPN_TRANG_THAI, SYSDATE AS CREATION_TIME, 0 AS IS_DELETED FROM QLPN_OLD.MA_QUAN_HE_PN;"
82,JOB_DM_QUOC_TICHS,QLPN_OLD,QLPN,MA_QUOC_TICH,DM_QUOC_TICHS,"INSERT INTO QLPN.DM_QUOC_TICHS (QT_MA, QT_TEN, QT_TRANG_THAI, CREATION_TIME, IS_DELETED) SELECT MA, ND, 1 AS QT_TRANG_THAI, SYSDATE AS CREATION_TIME, 0 AS IS_DELETED FROM QLPN_OLD.MA_QUOC_TICH;"
83,JOB_DM_QUYEN_TC8S,QLPN_OLD,QLPN,MA_QUYEN_TC8,DM_QUYEN_TC8S,"INSERT INTO QLPN.DM_QUYEN_TC8S (QTC_MA, QTC_TEN, QTC_TRANG_THAI, CREATION_TIME, IS_DELETED) SELECT MA, ND, 1 AS QTC_TRANG_THAI, SYSDATE AS CREATION_TIME, 0 AS IS_DELETED FROM QLPN_OLD.MA_QUYEN_TC8;"
84,JOB_DM_NGUYEN_NHAN_CHETS,QLPN_OLD,QLPN,MA_NGUYEN_NHAN_CHET,DM_NGUYEN_NHAN_CHETS,"INSERT INTO QLPN.DM_NGUYEN_NHAN_CHETS (NNC_MA, NNC_TEN, NNC_TRANG_THAI, CREATION_TIME, IS_DELETED) SELECT MA, ND, 1 AS NNC_TRANG_THAI, SYSDATE AS CREATION_TIME, 0 AS IS_DELETED FROM QLPN_OLD.MA_NGUYEN_NHAN_CHET;"
85,JOB_DM_TINH_TRANG_SUC_KHOE_PHAM_NHANS,QLPN_OLD,QLPN,MA_SUC_KHOE_PN,DM_TINH_TRANG_SUC_KHOE_PHAM_NHANS,"INSERT INTO QLPN.DM_TINH_TRANG_SUC_KHOE_PHAM_NHANS (TTSKPN_MA, TTSKPN_TEN, TTSKPN_TRANG_THAI, CREATION_TIME, IS_DELETED) SELECT MA, ND, 1 AS TTSKPN_TRANG_THAI, SYSDATE AS CREATION_TIME, 0 AS IS_DELETED FROM QLPN_OLD.MA_SUC_KHOE_PN;"
86,JOB_DM_TAI_PHAMS,QLPN_OLD,QLPN,MA_TAI_PHAM,DM_TAI_PHAMS,"INSERT INTO QLPN.DM_TAI_PHAMS (TP_MA, TP_TEN, TP_TRANG_THAI, CREATION_TIME, IS_DELETED) SELECT MA, ND, 1 AS TP_TRANG_THAI, SYSDATE AS CREATION_TIME, 0 AS IS_DELETED FROM QLPN_OLD.MA_TAI_PHAM;"
87,JOB_DM_THANH_PHANS,QLPN_OLD,QLPN,MA_THANH_PHAN,DM_THANH_PHANS,"INSERT INTO QLPN.DM_THANH_PHANS (TP_MA, TP_TEN, TP_TRANG_THAI, CREATION_TIME, IS_DELETED) SELECT MA, ND, 1 AS TP_TRANG_THAI, SYSDATE AS CREATION_TIME, 0 AS IS_DELETED FROM QLPN_OLD.MA_THANH_PHAN;"
88,JOB_DM_THA_CO_DIEU_KIENS,QLPN_OLD,QLPN,MA_THA_CO_DK,DM_THA_CO_DIEU_KIENS,"INSERT INTO QLPN.DM_THA_CO_DIEU_KIENS (TCDK_MA, TCDK_TEN, TCDK_TRANG_THAI, CREATION_TIME, IS_DELETED) SELECT MA, ND, 1 AS TCDK_TRANG_THAI, SYSDATE AS CREATION_TIME, 0 AS IS_DELETED FROM QLPN_OLD.MA_THA_CO_DK;"
89,JOB_DM_TRUONG_HOP_BAT_PHAM_NHANS,QLPN_OLD,QLPN,MA_TH_BAT_PN,DM_TRUONG_HOP_BAT_PHAM_NHANS,"INSERT INTO QLPN.DM_TRUONG_HOP_BAT_PHAM_NHANS (THBPN_MA, THBPN_TEN, THBPN_TRANG_THAI, CREATION_TIME, IS_DELETED) SELECT MA, ND, 1 AS THBPN_TRANG_THAI, SYSDATE AS CREATION_TIME, 0 AS IS_DELETED FROM QLPN_OLD.MA_TH_BAT_PN;"
90,JOB_DM_TRUONG_HOP_CHETS,QLPN_OLD,QLPN,MA_TH_CHET,DM_TRUONG_HOP_CHETS,"INSERT INTO QLPN.DM_TRUONG_HOP_CHETS (THC_MA, THC_TEN, THC_TRANG_THAI, CREATION_TIME, IS_DELETED) SELECT MA, ND, 1 AS THC_TRANG_THAI, SYSDATE AS CREATION_TIME, 0 AS IS_DELETED FROM QLPN_OLD.MA_TH_CHET;"
91,JOB_DM_TRUONG_HOP_CHUYEN_TRAIS,QLPN_OLD,QLPN,MA_TH_CHUYEN,DM_TRUONG_HOP_CHUYEN_TRAIS,"INSERT INTO QLPN.DM_TRUONG_HOP_CHUYEN_TRAIS (THCT_MA, THCT_TEN, THCT_TRANG_THAI, CREATION_TIME, IS_DELETED) SELECT MA, ND, 1 AS THCT_TRANG_THAI, SYSDATE AS CREATION_TIME, 0 AS IS_DELETED FROM QLPN_OLD.MA_TH_CHUYEN;"
92,JOB_DM_TRUONG_HOP_SINH_CON_THEO_MES,QLPN_OLD,QLPN,MA_TH_SINH_CPN,DM_TRUONG_HOP_SINH_CON_THEO_MES,"INSERT INTO QLPN.DM_TRUONG_HOP_SINH_CON_THEO_MES (SCTM_MA, SCTM_TEN, SCTM_TRANG_THAI, CREATION_TIME, IS_DELETED) SELECT MA, ND, 1 AS SCTM_TRANG_THAI, SYSDATE AS CREATION_TIME, 0 AS IS_DELETED FROM QLPN_OLD.MA_TH_SINH_CPN;"
93,JOB_DM_TRUONG_HOP_THAS,QLPN_OLD,QLPN,MA_TH_THA,DM_TRUONG_HOP_THAS,"INSERT INTO QLPN.DM_TRUONG_HOP_THAS (THT_MA, THT_TEN, THT_TRANG_THAI, CREATION_TIME, IS_DELETED) SELECT MA, ND, 1 AS THT_TRANG_THAI, SYSDATE AS CREATION_TIME, 0 AS IS_DELETED FROM QLPN_OLD.MA_TH_THA;"
94,JOB_DM_TRUONG_HOP_TRONS,QLPN_OLD,QLPN,MA_TH_TRON,DM_TRUONG_HOP_TRONS,"INSERT INTO QLPN.DM_TRUONG_HOP_TRONS (THT_MA, THT_TEN, THT_TRANG_THAI, CREATION_TIME, IS_DELETED) SELECT MA, ND, 1 AS THT_TRANG_THAI, SYSDATE AS CREATION_TIME, 0 AS IS_DELETED FROM QLPN_OLD.MA_TH_TRON;"
95,JOB_DM_TIEN_TES,QLPN_OLD,QLPN,MA_TIEN_TE,DM_TIEN_TES,"INSERT INTO QLPN.DM_TIEN_TES (TT_MA, TT_TEN, TT_TRANG_THAI, CREATION_TIME, IS_DELETED) SELECT MA, ND, 1 AS TT_TRANG_THAI, SYSDATE AS CREATION_TIME, 0 AS IS_DELETED FROM QLPN_OLD.MA_TIEN_TE;"
96,JOB_DM_TINH_TRANG_CON_THEO_ME_VAO_TRAIES,QLPN_OLD,QLPN,MA_TINH_TRANG_CPN,DM_TINH_TRANG_CON_THEO_ME_VAO_TRAIES,"INSERT INTO QLPN.DM_TINH_TRANG_CON_THEO_ME_VAO_TRAIES (TTCTMVT_MA, TTCTMVT_TEN, TTCTMVT_TRANG_THAI, CREATION_TIME, IS_DELETED) SELECT MA, ND, 1 AS TTCTMVT_TRANG_THAI, SYSDATE AS CREATION_TIME, 0 AS IS_DELETED FROM QLPN_OLD.MA_TINH_TRANG_CPN;"
97,JOB_DM_TINH_TRANG_BIET_DOC_VIETS,QLPN_OLD,QLPN,MA_TINH_TRANG_DOC_VIET,DM_TINH_TRANG_BIET_DOC_VIETS,"INSERT INTO QLPN.DM_TINH_TRANG_BIET_DOC_VIETS (TTBDV_MA, TTBDV_TEN, TTBDV_TRANG_THAI, CREATION_TIME, IS_DELETED) SELECT MA, ND, 1 AS TTBDV_TRANG_THAI, SYSDATE AS CREATION_TIME, 0 AS IS_DELETED FROM QLPN_OLD.MA_TINH_TRANG_DOC_VIET;"
98,JOB_DM_TINH_TRANG_HOC_TAP_PHAM_NHAN_VI_THANH_NIENS,QLPN_OLD,QLPN,MA_TINH_TRANG_HOC_TAP,DM_TINH_TRANG_HOC_TAP_PHAM_NHAN_VI_THANH_NIENS,"INSERT INTO QLPN.DM_TINH_TRANG_HOC_TAP_PHAM_NHAN_VI_THANH_NIENS (TTHTPNVTN_MA, TTHTPNVTN_TEN, TTHTPNVTN_TRANG_THAI, CREATION_TIME, IS_DELETED) SELECT MA, ND, 1 AS TTHTPNVTN_TRANG_THAI, SYSDATE AS CREATION_TIME, 0 AS IS_DELETED FROM QLPN_OLD.MA_TINH_TRANG_HOC_TAP;"
99,JOB_DM_TINH_TRANG_PHAM_NHANS,QLPN_OLD,QLPN,MA_TINH_TRANG_PN,DM_TINH_TRANG_PHAM_NHANS,"INSERT INTO QLPN.DM_TINH_TRANG_PHAM_NHANS (TTPN_MA, TTPN_TEN, TTPN_TRANG_THAI, CREATION_TIME, IS_DELETED) SELECT MA, ND, 1 AS TTPN_TRANG_THAI, SYSDATE AS CREATION_TIME, 0 AS IS_DELETED FROM QLPN_OLD.MA_TINH_TRANG_PN;"
100,JOB_DM_TINH_TRANG_TIEN_ANS,QLPN_OLD,QLPN,MA_TINH_TRANG_TA,DM_TINH_TRANG_TIEN_ANS,"INSERT INTO QLPN.DM_TINH_TRANG_TIEN_ANS (TTTA_MA, TTTA_TEN, TTTA_TRANG_THAI, CREATION_TIME, IS_DELETED) SELECT MA, ND, 1 AS TTTA_TRANG_THAI, SYSDATE AS CREATION_TIME, 0 AS IS_DELETED FROM QLPN_OLD.MA_TINH_TRANG_TA;"
101,JOB_DM_TINH_TRANG_TAM_DINH_CHIES,QLPN_OLD,QLPN,MA_TINH_TRANG_TDC,DM_TINH_TRANG_TAM_DINH_CHIES,"INSERT INTO QLPN.DM_TINH_TRANG_TAM_DINH_CHIES (TTTDC_MA, TTTDC_TEN, TTTDC_TRANG_THAI, CREATION_TIME, IS_DELETED) SELECT MA, ND, 1 AS TTTDC_TRANG_THAI, SYSDATE AS CREATION_TIME, 0 AS IS_DELETED FROM QLPN_OLD.MA_TINH_TRANG_TDC;"
102,JOB_DM_TINH_TRANG_TRONS,QLPN_OLD,QLPN,MA_TINH_TRANG_TRON,DM_TINH_TRANG_TRONS,"INSERT INTO QLPN.DM_TINH_TRANG_TRONS (TTT_MA, TTT_TEN, TTT_TRANG_THAI, CREATION_TIME, IS_DELETED) SELECT MA, ND, 1 AS TTT_TRANG_THAI, SYSDATE AS CREATION_TIME, 0 AS IS_DELETED FROM QLPN_OLD.MA_TINH_TRANG_TRON;"
103,JOB_DM_TINH_TRANG_TRICH_XUATS,QLPN_OLD,QLPN,MA_TINH_TRANG_TX,DM_TINH_TRANG_TRICH_XUATS,"INSERT INTO QLPN.DM_TINH_TRANG_TRICH_XUATS (TTTX_MA, TTTX_TEN, TTTX_TRANG_THAI, CREATION_TIME, IS_DELETED) SELECT MA, ND, 1 AS TTTX_TRANG_THAI, SYSDATE AS CREATION_TIME, 0 AS IS_DELETED FROM QLPN_OLD.MA_TINH_TRANG_TX;"
104,JOB_DM_DO_TUOIS,QLPN_OLD,QLPN,MA_TK_DO_TUOI,DM_DO_TUOIS,"INSERT INTO QLPN.DM_DO_TUOIS (DT_MA, DT_TEN_CHI_TIEU,DT_TU,DT_DEN, DT_TRANG_THAI, CREATION_TIME, IS_DELETED) SELECT STT, TEN_CHI_TIEU,TU_DO_TUOI,DEN_DO_TUOI, 1 AS DT_TRANG_THAI, SYSDATE AS CREATION_TIME, 0 AS IS_DELETED FROM QLPN_OLD.MA_TK_DO_TUOI;"
105,JOB_DM_DO_TUOI_BATS,QLPN_OLD,QLPN,MA_TK_DO_TUOI_BAT,DM_DO_TUOI_BATS,"INSERT INTO QLPN.DM_DO_TUOI_BATS (DTB_MA, DTB_TEN,DTB_TU_DO_TUOI,DTB_DEN_DO_TUOI, DTB_TRANG_THAI, CREATION_TIME, IS_DELETED) SELECT STT ,TEN_CHI_TIEU ,TU_DO_TUOI ,DEN_DO_TUOI , 1 AS TB_TRANG_THAI, SYSDATE AS CREATION_TIME, 0 AS IS_DELETED FROM QLPN_OLD.MA_TK_DO_TUOI_BAT;"
106,JOB_DM_MUC_ANS,QLPN_OLD,QLPN,MA_TK_MUC_AN_PHAT,DM_MUC_ANS,"INSERT INTO QLPN.DM_MUC_ANS (MA_MA, MA_TEN_CHI_TIEU, MA_TU, MA_DEN, MA_TRANG_THAI, CREATION_TIME, IS_DELETED) SELECT STT, TEN_CHI_TIEU, TU_MUC_AN, DEN_MUC_AN, 1 AS MA_TRANG_THAI, SYSDATE AS CREATION_TIME, 0 AS IS_DELETED FROM QLPN_OLD.MA_TK_MUC_AN_PHAT;"
107,JOB_DM_TOI_DANH_DAC_XAS,QLPN_OLD,QLPN,MA_TOI_DANH_DX,DM_TOI_DANH_DAC_XAS,"INSERT INTO QLPN.DM_TOI_DANH_DAC_XAS (TDDX_MA, TDDX_TEN, TDDX_TRANG_THAI, CREATION_TIME, IS_DELETED) SELECT MA_TOI_DANH ,0 AS TDDX_TEN, 1 AS TDDX_TRANG_THAI, SYSDATE AS CREATION_TIME, 0 AS IS_DELETED FROM QLPN_OLD.MA_TOI_DANH_DX;"
108,JOB_DM_TON_GIAOS,QLPN_OLD,QLPN,MA_TON_GIAO,DM_TON_GIAOS,"INSERT INTO QLPN.DM_TON_GIAOS (TG_MA, TG_TEN, TG_TRANG_THAI,TG_MO_TA, CREATION_TIME, IS_DELETED) SELECT MA, ND, 1 AS TG_TRANG_THAI,0 AS TG_MO_TA, SYSDATE AS CREATION_TIME, 0 AS IS_DELETED FROM QLPN_OLD.MA_TON_GIAO;"
109,JOB_DM_TRAI_GIAMS,QLPN_OLD,QLPN,MA_TRAI_GIAM,DM_TRAI_GIAMS,"INSERT INTO QLPN.DM_TRAI_GIAMS (TG_MA, TG_TEN, TG_TRANG_THAI, CREATION_TIME, IS_DELETED) SELECT MA, ND, 1 AS TG_TRANG_THAI, SYSDATE AS CREATION_TIME, 0 AS IS_DELETED FROM QLPN_OLD.MA_TRAI_GIAM;"
110,JOB_DM_TRUONG_HOP_BATS,QLPN_OLD,QLPN,MA_TRUONG_HOP_BAT,DM_TRUONG_HOP_BATS,"INSERT INTO QLPN.DM_TRUONG_HOP_BATS (THB_MA, THB_TEN, THB_TRANG_THAI, CREATION_TIME, IS_DELETED) SELECT MA, ND, 1 AS THB_TRANG_THAI, SYSDATE AS CREATION_TIME, 0 AS IS_DELETED FROM QLPN_OLD.MA_TRUONG_HOP_BAT;"
111,JOB_DM_TRUONG_HOP_DU_DIEU_KIEN_DAC_XAS,QLPN_OLD,QLPN,MA_TRUONG_HOP_DU_DKDX,DM_TRUONG_HOP_DU_DIEU_KIEN_DAC_XAS,"INSERT INTO QLPN.DM_TRUONG_HOP_DU_DIEU_KIEN_DAC_XAS (THDDKDX_MA, THDDKDX_TEN, THDDKDX_TRANG_THAI, CREATION_TIME, IS_DELETED) SELECT MA, ND, 1 AS THDDKDX_TRANG_THAI, SYSDATE AS CREATION_TIME, 0 AS IS_DELETED FROM QLPN_OLD.MA_TRUONG_HOP_DU_DKDX;"
112,JOB_DM_TRUONG_HOP_MIEN_HINH_PHATS,QLPN_OLD,QLPN,MA_TRUONG_HOP_MIEN_HP,DM_TRUONG_HOP_MIEN_HINH_PHATS,"INSERT INTO QLPN.DM_TRUONG_HOP_MIEN_HINH_PHATS (MHP_MA, MHP_TEN, MHP_TRANG_THAI, CREATION_TIME, IS_DELETED) SELECT MA, ND, 1 AS MHP_TRANG_THAI, SYSDATE AS CREATION_TIME, 0 AS IS_DELETED FROM QLPN_OLD.MA_TRUONG_HOP_MIEN_HP;"
113,JOB_DM_VAI_TRO_VU_ANS,QLPN_OLD,QLPN,MA_VAI_TRO_VU_AN,DM_VAI_TRO_VU_ANS,"INSERT INTO QLPN.DM_VAI_TRO_VU_ANS (VTVA_MA, VTVA_TEN, VTVA_TRANG_THAI, CREATION_TIME, IS_DELETED) SELECT MA, ND, 1 AS VTVA_TRANG_THAI, SYSDATE AS CREATION_TIME, 0 AS IS_DELETED FROM QLPN_OLD.MA_VAI_TRO_VU_AN;"
114,JOB_DM_XEP_LOAIES,QLPN_OLD,QLPN,MA_XEP_LOAI,DM_XEP_LOAIES,"INSERT INTO QLPN.DM_XEP_LOAIES (XL_MA, XL_TEN, XL_TRANG_THAI, CREATION_TIME, IS_DELETED) SELECT MA, ND, 1 AS XL_TRANG_THAI, SYSDATE AS CREATION_TIME, 0 AS IS_DELETED FROM QLPN_OLD.MA_XEP_LOAI;"
115,JOB_DM_XEP_LOAI_CAI_TAOS,QLPN_OLD,QLPN,MA_XEP_LOAI_CAI_TAO,DM_XEP_LOAI_CAI_TAOS,"INSERT INTO QLPN.DM_XEP_LOAI_CAI_TAOS (XLCT_MA, XLCT_TEN, XLCT_TRANG_THAI, CREATION_TIME, IS_DELETED) SELECT MA, ND, 1 AS XLCT_TRANG_THAI, SYSDATE AS CREATION_TIME, 0 AS IS_DELETED FROM QLPN_OLD.MA_XEP_LOAI_CAI_TAO;"
116,JOB_DM_XEP_LOAI_HOC_NGHES,QLPN_OLD,QLPN,MA_XL_HOC_NGHE,DM_XEP_LOAI_HOC_NGHES,"INSERT INTO QLPN.DM_XEP_LOAI_HOC_NGHES (XLHN_MA, XLHN_TEN, XLHN_TRANG_THAI, CREATION_TIME, IS_DELETED) SELECT MA, ND, 1 AS XLHN_TRANG_THAI, SYSDATE AS CREATION_TIME, 0 AS IS_DELETED FROM QLPN_OLD.MA_XL_HOC_NGHE;"
117,JOB_DM_XEP_LOAI_HOC_VAN_HOAS,QLPN_OLD,QLPN,MA_XL_HOC_VAN_HOA,DM_XEP_LOAI_HOC_VAN_HOAS,"INSERT INTO QLPN.DM_XEP_LOAI_HOC_VAN_HOAS (XLHVH_MA, XLHVH_TEN, XLHVH_TRANG_THAI, CREATION_TIME, IS_DELETED) SELECT MA, ND, 1 AS XHVH_TRANG_THAI, SYSDATE AS CREATION_TIME, 0 AS IS_DELETED FROM QLPN_OLD.MA_XL_HOC_VAN_HOA;"
118,JOB_DM_TOI_DANHS,QLPN_OLD,QLPN,MA_TOI_DANH,DM_TOI_DANHS,"INSERT INTO QLPN.DM_TOI_DANHS (TD_MA, TD_TEN, TD_TRANG_THAI, CREATION_TIME, IS_DELETED, TD_CHUONG) SELECT MA, ND, 1 AS TD_TRANG_THAI, SYSDATE AS CREATION_TIME, 0 AS IS_DELETED, CHUONG_2015 FROM QLPN_OLD.MA_TOI_DANH;"
121,JOB_DM_PHAN_DOIS,QLPN_OLD,QLPN,MA_PHAN_DOI_PN,DM_PHAN_DOIS,"INSERT INTO QLPN.DM_PHAN_DOIS (PD_MA, PD_TEN, PD_TRANG_THAI, CREATION_TIME, IS_DELETED) SELECT MA, ND, 1 AS PDP_TRANG_THAI, SYSDATE AS CREATION_TIME, 0 AS IS_DELETED  FROM QLPN_OLD.MA_PHAN_DOI_PN;"
